Date,Stock Symbol,Open Price,Close Price,Volume,Moving Average (50-day),RSI (Relative Strength Index)
2024-01-01,AAPL,249.81604753894499,240.44463125267967,768234,240.44463125267967,0.0
2024-01-02,AAPL,480.2857225639665,483.01393078924207,478480,361.72928102096085,99.9999999991755
2024-01-03,AAPL,392.797576724562,389.08469634608855,891971,370.84775279600336,72.08628717206294
2024-01-04,AAPL,339.46339367881467,339.63480750210874,601157,363.0445164725297,62.85018546243832
2024-01-05,AAPL,162.40745617697462,170.55878565549648,4478727,324.5473703091231,43.70425516635878
2024-01-08,AAPL,162.39780813448107,157.38365271745857,4224499,296.68675071051234,42.69086234717363
2024-01-09,AAPL,123.23344486727979,121.44110332799238,2713501,271.6516582272952,40.151032131985446
2024-01-10,AAPL,446.47045830997405,451.58148108083503,3021944,294.14288608398766,61.2994115133675
2024-01-11,AAPL,340.4460046972835,335.02196800711596,4427576,298.6850062976686,54.50007399496815
2024-01-12,AAPL,383.2290311184182,374.7686293149941,3183153,306.2933685994011,56.15832534397662
2024-01-15,AAPL,108.23379771832097,104.02882677659633,2899487,287.90568297914615,44.98960734595926
2024-01-16,AAPL,487.96394086479773,481.18836660987785,3004941,304.01257328170715,56.923940008953124
2024-01-17,AAPL,432.9770563201687,441.57100936702017,2200021,314.59399144211585,55.65563718843324
2024-01-18,AAPL,184.93564427131048,191.09805186259882,1460828,305.7728529007218,48.783715212720544
2024-01-19,AAPL,172.72998688284025,175.39806201304873,718467,297.0812001748769,48.40905789532939
2024-01-22,AAPL,173.36180394137352,180.79101574512788,2235619,289.8130636480176,41.63791201738867
2024-01-23,AAPL,221.69689718381508,227.77033872179737,4055488,286.16349159353405,45.417601680738436
2024-01-24,AAPL,309.9025726528952,303.6339738306159,4774351,287.1340739400386,48.992457110142794
2024-01-25,AAPL,272.7780074568463,280.62918742664584,1807923,286.7917114919653,53.354793216676164
2024-01-26,AAPL,216.49165607921677,217.27850091752978,228391,283.3160509632435,51.77133454387677
2024-01-29,AAPL,344.74115788895176,350.889960992233,1117026,286.5338562027192,56.41513862905432
2024-01-30,AAPL,155.79754426081672,163.7193702592866,4401754,280.9513795689268,41.252355371660435
2024-01-31,AAPL,216.85785941408727,213.21792891352456,2369042,278.0064469317354,46.141310322071604
2024-02-01,AAPL,246.5447373174767,238.74577580803023,2083509,276.37058563491433,45.651692100787436
2024-02-02,AAPL,282.4279936868144,276.9866969376532,216381,276.39523008702395,56.4944086148513
2024-02-05,AAPL,414.07038455720544,412.61254032973056,1621701,281.63435740405106,46.85448412595569
2024-02-06,AAPL,179.8695128633439,186.22980818179377,1720197,278.1008555810045,40.00091069156513
2024-02-07,AAPL,305.69377536544465,312.90838703057153,2331660,279.3439817042034,55.282193712336074
2024-02-08,AAPL,336.965827544817,327.1048701554408,1878226,280.99090889217706,56.58721639602578
2024-02-09,AAPL,118.58016508799909,118.79511113955041,1299386,275.5843823004228,47.71138442962944
2024-02-12,AAPL,343.01794076057536,341.36616082355096,3538618,277.7063751560076,53.71220186610314
2024-02-13,AAPL,168.2096494749166,162.6518056843312,2114484,274.1109198600177,45.68303081460152
2024-02-14,AAPL,126.0206371941118,118.41794454078546,3037629,269.3929509109501,45.09672949429043
2024-02-15,AAPL,479.5542149013333,476.30651832940583,2557184,275.4786440703164,56.64634325839341
2024-02-16,AAPL,486.25281322982374,495.11100730807414,3243963,281.7538544485381,53.932206730841386
2024-02-19,AAPL,423.35893924658444,419.82299788699953,4203022,285.5891084329398,57.43639427621284
2024-02-20,AAPL,221.84550766934828,222.2213201042156,1518175,283.8764655051364,50.24072412248057
2024-02-21,AAPL,139.06884560255355,143.1292247804571,3906688,280.17259074922384,47.5146824198653
2024-02-22,AAPL,373.69321060486277,370.96580265244864,3872962,282.5006218236655,52.223595366382504
2024-02-23,AAPL,276.0609974958405,285.49663915025974,4291423,282.57552225683037,46.91924992763482
2024-02-26,AAPL,148.81529393791152,158.06423983675376,4141776,279.5386617099992,49.28299670251592
2024-02-27,AAPL,298.0707640445081,293.1064099610154,2827423,279.8617033350234,49.498043822617085
2024-02-28,AAPL,113.75540844608736,113.70037856393506,1860427,275.9974864798818,45.00852625049274
2024-02-29,AAPL,463.7281608315128,459.7457270278482,4418427,280.173582855972,57.492017880396645
2024-03-01,AAPL,203.51199264000678,199.20880252755614,3551356,278.37436551534046,46.92751210835186
2024-03-04,AAPL,365.0089137415928,355.7466526886834,1231565,280.0563717582392,54.21380866729698
2024-03-05,AAPL,224.6844304357644,226.87571711536233,3544084,278.92486846796527,52.28250247323439
2024-03-06,AAPL,308.0272084711243,308.08078893570155,3027109,279.53228347770977,45.99303939074358
2024-03-07,AAPL,318.68411173731187,309.7136867623117,4472578,280.148230483518,45.54760869187433
2024-03-08,AAPL,173.94178221021082,169.51471149494304,2609079,277.93556010374647,44.17049373940265
2024-03-11,AAPL,487.83385110582344,495.9991688251565,2987004,283.04665085519605,56.01500447357877
2024-03-12,AAPL,410.05312934444584,404.84436715778526,2031760,281.48325958256686,55.71966540626546
2024-03-13,AAPL,475.7995766256756,468.6974740675001,231373,283.0755151369951,52.30079207392284
2024-03-14,AAPL,457.93094017105955,457.7199953766108,215294,285.43721889448517,54.20184364413866
2024-03-15,AAPL,339.1599915244341,348.8730006066461,3232514,289.00350319350815,54.69788788353182
2024-03-18,AAPL,468.74969400924675,463.59079943947677,4942611,295.1276461279485,54.23991658599146
2024-03-19,AAPL,135.3970008207678,138.83971176888537,4435868,295.47561829676636,50.583059028870686
2024-03-20,AAPL,178.3931449676581,183.62553727423244,1526388,290.11649942063434,42.55561825063151
2024-03-21,AAPL,118.09091556421522,112.84366644406322,3951424,285.67293338937327,47.406139474884625
2024-03-22,AAPL,230.13213230530573,234.6964592775429,2315167,282.87148998862426,46.287063778045656
2024-03-25,AAPL,255.4709158757928,252.82657853017787,3986402,285.84744502369585,50.853998874263205
2024-03-26,AAPL,208.53961270955836,211.18572932142993,789944,280.4473922779269,46.72609587042781
2024-03-27,AAPL,431.4950036607717,434.1655978759896,788105,280.2992840481063,53.65786292085245
2024-03-28,AAPL,242.70133067743572,243.41682435893088,2710910,281.34565949803294,52.10943275321925
2024-03-29,AAPL,212.3738038749523,204.17959927604048,2089173,281.9212902432928,40.03660564763694
2024-04-01,AAPL,317.0784332632994,323.7844831750842,3180761,284.78115959189194,47.28516937026815
2024-04-02,AAPL,156.36968998990505,152.78529128933977,1514466,283.28145864324273,40.12808215751398
2024-04-03,AAPL,420.8787923016159,414.609162509613,545101,285.50096241682263,48.835409637912825
2024-04-04,AAPL,129.82025747190832,120.6357603030036,1205534,282.3010938743499,44.3950355893015
2024-04-05,AAPL,494.7547746402069,496.57263350397176,3327802,287.8869765260787,50.717855748479245
2024-04-08,AAPL,408.89790771866296,412.44919495550863,1683593,289.11816120534417,56.65192447086924
2024-04-09,AAPL,179.48627261366897,169.8180291922261,1903649,289.240134384003,49.69377408334523
2024-04-10,AAPL,102.20884684944096,102.45070801542659,1324665,287.024789966041,49.769153073562386
2024-04-11,AAPL,426.18457138193367,420.7144868858924,2394544,290.66416418759826,53.80022491988434
2024-04-12,AAPL,382.74293753904686,385.64639334723586,4453127,292.8373581157899,52.694771199679785
2024-04-15,AAPL,391.60286721639494,385.09019579649475,598863,292.2869112251252,53.5881536680571
2024-04-16,AAPL,408.5081386743783,412.3268934364276,467654,296.8088529302179,49.50980899608669
2024-04-17,AAPL,129.61786069363615,127.35256761964689,2776188,293.0977365419994,47.50055057727537
2024-04-18,AAPL,243.38629141770903,252.1208911924437,3395990,291.5980569627394,50.99573677885219
2024-04-19,AAPL,146.34762381005189,139.09804269297175,1592785,292.00411559380785,46.15356067050153
2024-04-22,AAPL,445.2413703502374,442.06269737124256,897079,294.0180463247617,55.71082541489443
2024-04-23,AAPL,349.3192507310232,341.588721155835,4958380,297.5967846341918,48.46036857374558
2024-04-24,AAPL,232.35920994105967,240.85308230663094,4142787,300.04548738950865,52.75965369170415
2024-04-25,AAPL,125.42334011440946,132.97012718202907,4028083,293.17875956656115,40.48195569969779
2024-04-26,AAPL,224.3929286862649,219.551761240568,2799015,287.667574645211,44.957002644503824
2024-04-29,AAPL,230.07332881069883,233.27300973138242,3514527,283.9365748820987,51.884483061316644
2024-04-30,AAPL,391.84247133522564,398.18691533924994,1386125,287.4558867867994,58.30176673973896
2024-05-01,AAPL,355.0229885420853,356.1270047740745,3840047,291.71584238667174,47.854180027357685
2024-05-02,AAPL,454.88509703053063,455.47810859765076,548982,293.4060885055758,52.22501220409276
2024-05-03,AAPL,288.8859700647797,283.72301588278873,1272622,293.37061604022637,47.087890273208856
2024-05-06,AAPL,147.83769837532068,139.69975373143868,2603771,293.00332631812006,42.660378518016394
2024-05-07,AAPL,385.297914889198,393.24223004826456,3277825,295.00604271986504,57.281468255953605
2024-05-08,AAPL,404.31401944675895,412.32238059002555,1096161,300.97848276038684,54.656725319183785
2024-05-09,AAPL,324.5108790277985,327.17290817326386,4283839,298.32702638329516,55.556994505632034
2024-05-10,AAPL,408.3868719818244,405.16746780279846,766326,302.4461996888,48.742721326305414
2024-05-13,AAPL,297.5182385457563,294.5024300380095,749150,301.2213152357865,48.40650832065659
2024-05-14,AAPL,309.0931317527976,313.61224533020237,3475957,302.9560458000833,52.60630343437891
2024-05-15,AAPL,271.0164073434198,278.95861254247137,218834,302.3736022722187,55.518990685487765
2024-05-16,AAPL,110.16765069763808,117.90937918294043,3339576,298.5375161206313,46.36229888289022
2024-05-17,AAPL,143.15657079732176,148.75408171447424,3298649,298.12230352502195,47.01175983234685
2024-01-01,MSFT,317.05785388303065,310.6066447586251,2585195,310.6066447586251,0.0
2024-01-02,MSFT,214.61650085131376,219.62879588413094,4360507,265.11772032137804,0.0
2024-01-03,MSFT,336.3333042276043,342.4699990129496,260775,290.9018132185685,57.451009148236174
2024-01-04,MSFT,112.20009997561976,122.01020281563324,2767867,248.6789106178347,28.286250559211382
2024-01-05,MSFT,114.93927549968576,113.1916290379143,1663299,221.58145430185064,27.723294479793907
2024-01-08,MSFT,429.0402242638633,426.48058597971897,3569401,255.73130958149537,57.659705703558615
2024-01-09,MSFT,244.07625656450514,249.6045157793451,3875803,254.85605332404535,46.731780591659465
2024-01-10,MSFT,150.8242050607539,147.64027586581426,1444027,241.45408114176644,42.12895249775626
2024-01-11,MSFT,308.89730402192174,317.51245053399305,4266500,249.90501107423609,50.28652444933443
2024-01-12,MSFT,407.99742123944435,415.16567627630457,891267,266.4310775944429,54.01300571129606
2024-01-15,MSFT,186.32841099873727,184.90829154623765,597562,259.01991522642425,45.90027474258883
2024-01-16,MSFT,349.15619032760014,354.17361168343007,3948693,266.9493899311747,51.27966903634119
2024-01-17,MSFT,134.1389859975072,139.22984347920084,4678238,257.12480943486906,45.530587783732955
2024-01-18,MSFT,120.67268846744308,112.73516584416173,4137776,246.81126346410426,44.90996215800694
2024-01-19,MSFT,312.54185262725923,320.59291076085054,2104168,251.730039950554,50.232069173117374
2024-01-22,MSFT,316.2540486440426,316.3590960929997,4110912,255.76935595945685,52.342334309271585
2024-01-23,MSFT,354.9719605992826,361.50110992143743,4611732,261.9888708983969,50.47885977093405
2024-01-24,MSFT,390.43653348906463,386.8375255096769,4985211,268.9249072656902,57.38913714422214
2024-01-25,MSFT,490.34083178501385,498.25129635493784,2279996,280.99471721775586,60.162032963787425
2024-01-26,MSFT,306.52013932047817,304.3041728951614,1700396,282.1601900016261,46.558910573026495
2024-01-29,MSFT,229.1825891764984,219.39934220610436,3411149,279.1715782018394,49.10279166687297
2024-01-30,MSFT,418.0744779074815,426.18211743586676,222402,285.85387543974974,57.78874381732581
2024-01-31,MSFT,208.3329005048297,200.15863404055236,1266588,282.1279953789151,46.81839738369948
2024-02-01,MSFT,275.5885682822544,271.9748410340627,4732965,281.7049472812129,46.06276635791406
2024-02-02,MSFT,131.3825525369064,140.38379187792248,2596081,276.0521010650813,48.70549724821046
2024-02-05,MSFT,110.140297366183,119.15244030493413,2777618,270.01749872815253,42.523435567193296
2024-02-06,MSFT,485.05936587117003,486.52812363363574,4867999,278.03641076168896,60.07157412431625
2024-02-07,MSFT,434.3920482048823,437.0287924482783,4757860,283.71471010763855,59.280616664655
2024-02-08,MSFT,378.38968243747917,377.35859287704557,675278,286.94380951348023,51.77507243246781
2024-02-09,MSFT,263.58117776570793,259.44539319966924,1278049,286.02719563635316,48.33842909638965
2024-02-12,MSFT,169.3177280283383,165.89101893573664,3180201,282.15183509762363,44.44623937363351
2024-02-13,MSFT,162.5748170684344,166.0251861899752,4772311,278.5228773192596,43.639675681868546
2024-02-14,MSFT,200.09715926583812,205.1446498545917,3662737,276.2992946688151,41.190396626875646
2024-02-15,MSFT,319.69066588244823,325.5222467569652,3564442,277.7470285537607,50.66723766501952
2024-02-16,MSFT,385.83836908002496,391.63073193591606,1374732,281.00084865039366,55.480896076158764
2024-02-19,MSFT,364.0789506870925,355.90307274806634,3414692,283.0814659864402,47.49028912475823
2024-02-20,MSFT,211.97355877837714,211.86196487242876,4293398,281.1566146049804,50.44392683438853
2024-02-21,MSFT,481.94611226527763,473.0972874656105,4819607,286.20768494341803,56.670378386847624
2024-02-22,MSFT,395.1587666783074,396.14934432478213,1210389,289.0267018506325,58.80168061787747
2024-02-23,MSFT,321.7416210045603,320.5722310320278,127712,289.8153400801674,56.68155785935817
2024-02-26,MSFT,344.6882984937409,352.44238214890686,4171647,291.34282891111224,44.278525573634276
2024-02-27,MSFT,267.84002497111595,264.85832522215753,4012942,290.71224548994667,42.88469956817045
2024-02-28,MSFT,199.09239580046298,191.4337361290151,212816,288.4034429466692,42.40264209794535
2024-02-29,MSFT,242.38907146050462,235.24890510156135,1735156,287.1953852683713,48.94753692580232
2024-03-01,MSFT,403.13844418574763,408.3686568200971,235230,289.8881246361874,59.86417196131647
2024-03-04,MSFT,105.75739545190234,108.12175671822756,1866616,285.93668185536217,48.106735316429884
2024-03-05,MSFT,146.4290562027665,138.4515097252223,4563418,282.7986994696145,47.806731960804726
2024-03-06,MSFT,118.4010568087011,110.08319293100105,1483194,279.2004597500601,42.458708729078175
2024-03-07,MSFT,116.29152092758805,120.31090355677046,3201360,275.9578157461154,40.115965189315816
2024-03-08,MSFT,442.1842336044029,433.63949373168674,1981548,279.11144930582685,52.35548284397663
2024-03-11,MSFT,381.46314375200944,387.90034493781656,4445760,280.65732330941063,55.67201744134991
2024-03-12,MSFT,289.6695316349301,293.79437617806,3351298,282.14063491528924,43.525498930978145
2024-03-13,MSFT,139.1336642604006,130.76063987323857,4565150,277.90644773249505,40.977905042331805
2024-03-14,MSFT,296.64635004673295,288.34310432843677,100404,281.23310576275105,48.96220960561991
2024-03-15,MSFT,289.3887083122263,299.1214998822498,4997590,284.95170317963783,48.259403927671215
2024-03-18,MSFT,169.28074796400608,166.7661638791285,1423483,279.757414737626,46.888838892053
2024-03-19,MSFT,273.5406596951892,270.95350263652705,1822320,280.18439447476965,52.47383173269717
2024-03-20,MSFT,259.40189375894937,265.6578851040994,2432517,282.54474665953535,50.969242009913806
2024-03-21,MSFT,346.3400392208866,355.2850107685638,4637090,283.30019786422673,48.212920238740715
2024-03-22,MSFT,354.0374603470575,363.75748162351493,3296340,282.27203397117097,60.71010877081398
2024-03-25,MSFT,118.1216039088178,123.18916761399663,263273,281.03765149252615,49.456341721497495
2024-03-26,MSFT,249.8450458505885,247.3702375612068,3954418,278.9015840100817,54.57781176239587
2024-03-27,MSFT,350.3439662856946,342.01398061966796,3752692,282.95726675289103,56.99864802849794
2024-03-28,MSFT,301.2545034320351,306.79744175058386,1187341,286.83851227101945,45.14308130246881
2024-03-29,MSFT,442.5959364753289,443.764021470045,4077266,289.30193448520333,51.999394728562095
2024-04-01,MSFT,363.477452647578,361.9618928325175,3131756,290.2139904199937,52.46143504178581
2024-04-02,MSFT,165.17377083257188,173.30085853446658,943523,286.4499853922543,51.5081566936548
2024-04-03,MSFT,128.22749896017194,120.45144860629497,646237,281.12226385418666,43.57035081396539
2024-04-04,MSFT,356.96771128252624,356.82021336834345,4995207,278.2936421944548,51.88410671678069
2024-04-05,MSFT,110.60452421664873,100.83159711199711,4140479,274.22419067879144,48.00781299306265
2024-04-08,MSFT,334.3102325093853,333.6834453492678,192193,276.5098727416547,51.75862572746189
2024-04-09,MSFT,476.092096569983,467.21816208361975,3281915,277.3305936346098,55.271665665089344
2024-04-10,MSFT,330.1896711503516,322.56602947571304,4800254,279.778741543313,49.168199854229734
2024-04-11,MSFT,255.26797048260877,247.61849541815087,1286887,279.2916146309948,47.1439815625403
2024-04-12,MSFT,357.3152873769413,360.29949341926255,3108038,283.68992866182157,56.222240892439764
2024-04-15,MSFT,283.30115619660666,288.2220537819151,608153,287.0713209313612,51.1021719657518
2024-04-16,MSFT,318.24671572637396,319.91409102831716,3434817,283.7390402792548,49.382784567490155
2024-04-17,MSFT,476.5859235106101,485.8293744801009,3682069,284.71505191989127,54.659890741590644
2024-04-18,MSFT,254.4410551203097,251.93846671078379,2815514,282.20664939656604,45.246931634896
2024-04-19,MSFT,484.4762255295657,480.1904672552029,4981713,286.6215508776767,52.731256021055934
2024-04-22,MSFT,462.14025678242547,469.5122393462147,2758571,292.69397528588627,57.45606060148091
2024-04-23,MSFT,178.31645391571857,172.7883706861076,4934357,292.8292389758089,51.17333974616576
2024-04-24,MSFT,127.74452035006618,137.0089711388784,1779748,291.46652540149466,44.58503642011211
2024-04-25,MSFT,140.31120055097065,130.554290044767,2323069,287.5671662672507,50.83484562815754
2024-04-26,MSFT,107.28873026061989,116.68630679477266,3545498,282.0682777644278,43.05007442265576
2024-04-29,MSFT,137.77718430237135,128.64038254138288,4992472,277.52302396029415,38.24028750316293
2024-04-30,MSFT,373.20270936654276,381.0255716405042,581680,280.90629609565565,51.889082798425285
2024-05-01,MSFT,128.4754593840916,129.0294815658176,2736694,274.0249399776598,46.56133792753862
2024-05-02,MSFT,227.59025211750452,237.44954803989052,3061293,270.85094405196196,46.42896180538625
2024-05-03,MSFT,437.95012438778184,429.42605568248985,4200673,273.02802054497124,53.83709379969436
2024-05-06,MSFT,109.30877429433035,110.38585998235676,1634026,268.1868901016402,45.075334101723186
2024-05-07,MSFT,425.7873930355743,435.1734437479563,415826,271.5931924721562,48.89214022000738
2024-05-08,MSFT,212.74190990935998,213.20386679276294,3567366,272.02859508543116,49.14842263991037
2024-05-09,MSFT,147.2659310486625,149.85390381136776,427359,270.32069505962727,42.169831191856886
2024-05-10,MSFT,378.6948661456603,382.6098399253526,3848603,269.80551872173237,48.13631034211169
2024-05-13,MSFT,351.5771387119536,350.66796000730903,4301253,274.65644278751404,54.30351250140395
2024-05-14,MSFT,450.98880541082116,453.5399670125024,2960337,280.95821193325963,57.41717097812705
2024-05-15,MSFT,394.02841752155433,395.71470376001633,417537,286.6708421498399,56.06734882936089
2024-05-16,MSFT,421.39237215393945,429.4155323637592,650222,292.8529347259797,57.091445535384274
2024-05-17,MSFT,212.8138290285226,203.72275663535177,2673619,288.25459998405296,51.55211360918565
2024-01-01,GOOGL,318.97852275964465,325.0958204944675,3317635,325.0958204944675,0.0
2024-01-02,GOOGL,280.3641789664417,271.47724875358125,2400119,298.2865346240244,0.0
2024-01-03,GOOGL,464.1885113613092,471.03479206727286,1999443,355.86928710510716,78.82163104853228
2024-01-04,GOOGL,219.18378061678018,210.21649017427043,3548503,319.45608787239803,38.82484648320421
2024-01-05,GOOGL,309.4409104060045,299.80576003457173,1539758,315.52602230483274,47.90500795354199
2024-01-08,GOOGL,379.05674859738536,382.9959778447138,1905468,326.77101489481294,54.2153725523354
2024-01-09,GOOGL,418.5887102695509,428.5338209649188,3527975,341.30855861911374,57.0624294080994
2024-01-10,GOOGL,283.73872317846894,291.6709284379494,226108,335.1038548464682,48.07720505662637
2024-01-11,GOOGL,436.83656600748384,438.35653436359706,3260110,346.5763747928159,55.57462083410677
2024-01-12,GOOGL,407.567096526159,415.9150087878696,3330019,353.51023819232125,54.37344858460595
2024-01-15,GOOGL,126.49439114074634,116.60039126869844,1807692,331.97297938108284,42.20645654071321
2024-01-16,GOOGL,118.34450656185318,127.84584982075603,2180154,314.9623852510556,42.688281197954254
2024-01-17,GOOGL,348.3222737688365,348.1372493540122,2344702,317.51429787435995,50.73419944434864
2024-01-18,GOOGL,238.9653632901657,243.4232852226012,3477778,312.2220826849486,47.5603639666293
2024-01-19,GOOGL,183.65231643140567,190.06954589447272,2630034,304.0785802322502,46.09122751353936
2024-01-22,GOOGL,331.85997378869536,336.2291192054264,4632131,306.08798891807373,51.77913024151113
2024-01-23,GOOGL,236.625284182618,237.32601882351622,2792755,302.04316714780566,43.20261321736483
2024-01-24,GOOGL,314.905366685628,314.4377563681562,488349,302.7317554378251,53.39394301241474
2024-01-25,GOOGL,284.0476635934288,290.8193147674813,1162729,302.10478487622805,49.694220052458085
2024-01-26,GOOGL,333.9064423796615,328.00799358265067,3224071,303.39994531154923,48.06846704040595
2024-01-29,GOOGL,260.1201955641126,269.4800768941973,3486501,301.78471348215146,44.463531090870816
2024-01-30,GOOGL,379.0670294787727,383.2860790555077,2079079,305.48932100821315,53.24103683594033
2024-01-31,GOOGL,172.02690893971942,166.0170474864858,4688334,299.4253091159641,40.82380234367047
2024-02-01,GOOGL,378.6005864908316,383.32553016480136,3622905,302.92115165966567,49.029388762856186
2024-02-02,GOOGL,264.66448574301126,265.2612862066336,176077,301.4147570415444,54.96343115440853
2024-02-05,GOOGL,449.72704194176686,453.87164385465576,4427819,307.27848345743325,59.7325393398807
2024-02-06,GOOGL,306.09442194568436,311.45001197454116,1355564,307.43298451362244,48.85141107514132
2024-02-07,GOOGL,489.2441397080417,480.9899432998352,2008327,313.63144732741574,57.14751510194826
2024-02-08,GOOGL,340.7741582163841,340.89623734357104,225885,314.57161250038666,54.312727947109984
2024-02-09,GOOGL,189.53962636252822,198.1799132076669,641656,310.6918891906293,46.04484240215325
2024-02-12,GOOGL,428.71625473777965,425.1290985809699,770688,314.3834120741887,55.01282580673374
2024-02-13,GOOGL,238.0330511289547,239.91071308011266,2385166,312.05614023062384,48.11926947902938
2024-02-14,GOOGL,239.0476857930734,236.43229542327134,4524507,309.76450856979494,48.613419513046836
2024-02-15,GOOGL,112.72187259406606,111.80723203844805,2151531,303.9422357306377,44.72328090306934
2024-02-16,GOOGL,319.48612368296347,320.45818604172655,2892427,304.4141200252402,51.15925114995228
2024-02-19,GOOGL,313.76940149300924,314.74784109078877,3020803,304.7011678326166,48.360843773184605
2024-02-20,GOOGL,242.39659370879446,236.43120295539916,3457679,302.85603364674586,51.80391512963453
2024-02-21,GOOGL,457.6869051583703,461.37833611596693,4490020,307.0276731854096,51.99181136590101
2024-02-22,GOOGL,151.49935931985755,143.25672154471067,2781719,302.82841801513524,47.17503514122369
2024-02-23,GOOGL,232.03980532406217,224.81630079290258,990695,300.8781150845794,44.41967830035757
2024-02-26,GOOGL,228.6331058720116,218.6873238602982,4294430,298.8734616400847,47.57933286359238
2024-02-27,GOOGL,136.91623449149844,129.25015577433206,938761,294.834811500424,40.420787093936426
2024-02-28,GOOGL,292.4581576225173,291.9214816435552,600315,294.76705964328744,48.68243379345276
2024-02-29,GOOGL,375.1138868384332,377.23592445954995,2514472,296.64135202547527,54.970659747368195
2024-03-01,GOOGL,304.6628054189045,310.54859441823373,1399445,296.95040185642546,46.5085385337544
2024-03-04,GOOGL,162.7910730864775,154.92505808874623,598716,293.862894383215,47.362778373111524
2024-03-05,GOOGL,250.91438609682905,257.92893529715815,3241069,293.09834206223513,50.628263537001125
2024-03-06,GOOGL,101.03800975345862,105.95750026443298,3421127,289.19957452478087,49.831724799885635
2024-03-07,GOOGL,447.32044281423475,445.4908086729531,2659272,292.389191548213,53.34485916906457
2024-03-08,GOOGL,133.80680307227277,142.46556441427185,2376106,289.39071900553415,46.02365859829505
2024-03-11,GOOGL,338.91123290217223,348.72982243132003,2102324,289.8633990442712,52.447350970265745
2024-03-12,GOOGL,494.5027983467261,488.60283454779085,4427021,294.2059107601554,50.61615770930439
2024-03-13,GOOGL,314.636258394933,312.220830094209,3424323,291.02963152069407,54.08624210131957
2024-03-14,GOOGL,469.6167036429733,478.1456921147675,4051416,296.38821555950403,55.886341440163655
2024-03-15,GOOGL,194.44661324696173,198.8785442619873,594592,294.36967124405237,49.59156800945247
2024-03-18,GOOGL,403.98216357503424,394.944056454316,3345886,294.60863281624444,55.24753386948184
2024-03-19,GOOGL,312.5063015894136,318.13659122444193,3954261,292.4006882214349,50.535933352229485
2024-03-20,GOOGL,388.20642455658594,394.7652423001358,3678226,294.4625744986786,50.359641017682414
2024-03-21,GOOGL,124.93654500449658,129.94658349980284,2129454,288.2943754814027,46.57326262400629
2024-03-22,GOOGL,159.09563676249067,165.08637938088097,2527540,283.27780289326296,50.202038019139565
2024-03-25,GOOGL,153.2467714349913,159.74942496884725,1815630,284.1407835672659,47.96901211814413
2024-03-26,GOOGL,374.86620216133247,368.59430189709536,418408,288.9557526087927,55.30812793629971
2024-03-27,GOOGL,437.77626905345153,432.49010397475155,568276,290.6428097012075,49.70429747926543
2024-03-28,GOOGL,399.84649280343496,402.5216640778385,2254697,293.82477727831224,56.75394098649786
2024-03-29,GOOGL,112.18886109343767,120.34618370268798,611411,292.4303100344766,44.29362931709337
2024-04-01,GOOGL,446.8859924298893,443.20992407581923,3022808,294.56992613188436,48.96084182346221
2024-04-02,GOOGL,241.65866831725018,243.42480183315132,3217172,294.6919017920771,48.44178195277802
2024-04-03,GOOGL,258.865533001633,262.52517426997565,984377,293.6536501501135,44.76826502990235
2024-04-04,GOOGL,141.94766661299235,140.98663863897315,4335042,290.6569966275433,48.47890603477875
2024-04-05,GOOGL,394.9620824375276,399.2377315346341,1998739,292.081591386583,50.10924520182749
2024-04-08,GOOGL,172.91355139038322,180.9069002962267,1329336,290.31012785462354,46.742984265645184
2024-04-09,GOOGL,325.5860368075346,328.06806769117134,1117433,289.20576762733685,48.468288590607585
2024-04-10,GOOGL,436.28399435117245,437.0796155894651,4761029,294.62701898939645,57.59702337057714
2024-04-11,GOOGL,135.68173148482248,134.45662499258927,2861089,289.64964088595224,49.33090285775684
2024-04-12,GOOGL,314.1342256062094,315.6839510243319,3778086,290.6580941823062,53.16325788124137
2024-04-15,GOOGL,193.28656461992048,190.3938136562884,1681530,285.38853757833886,46.25821438812072
2024-04-16,GOOGL,237.1707457113041,235.00038791533416,2187258,283.8595450971547,45.81932074099522
2024-04-17,GOOGL,289.5879765722225,290.22512616598596,4592816,280.0442487544777,47.64793430642889
2024-04-18,GOOGL,242.04172131172191,233.37410355953824,4956447,277.893806078797,52.614129684929075
2024-04-19,GOOGL,359.5291361166304,354.1096439351263,2849178,281.01240069334625,47.72672863273903
2024-04-22,GOOGL,291.8328407017001,292.68982691396826,1096530,278.3636152600062,51.35241546875361
2024-04-23,GOOGL,333.6797938856677,332.31035674839654,871253,280.2116081333719,51.89438870720778
2024-04-24,GOOGL,394.72899015796514,391.38530587621483,2701623,283.31066834243074,57.03593036484303
2024-04-25,GOOGL,323.09690638017497,327.707889116361,1478246,287.628681483989,47.74333106208003
2024-04-26,GOOGL,334.61417386430367,338.4885260123704,4208997,287.9892882834019,55.72065355846042
2024-04-29,GOOGL,325.7834170090565,319.11803220892415,3003540,288.0766921057646,49.64185925504659
2024-04-30,GOOGL,251.50905038051573,259.0816326879845,3464695,288.5297007004163,42.58674452459067
2024-05-01,GOOGL,234.97873354876725,234.88720607684655,4078400,283.9998780996339,55.44569412253601
2024-05-02,GOOGL,459.85895885800494,464.68817708078586,4677456,290.4285072103554,57.67522073295861
2024-05-03,GOOGL,343.02208891742913,344.4851059025769,2291422,292.8218833125489,57.97907191600143
2024-05-06,GOOGL,197.7412621858618,207.69511450433868,1145482,292.6020391254297,48.709312271390715
2024-05-07,GOOGL,299.29907913957607,304.34714154035254,1395302,296.1039788407501,50.64237271022006
2024-05-08,GOOGL,232.1393925123656,236.27900173723478,4102640,294.99112924262374,50.13080125655255
2024-05-09,GOOGL,473.47672950394985,479.0481682849649,670451,297.027374119132,55.068672548274535
2024-05-10,GOOGL,103.01374525362989,95.87630496459929,119816,292.73392833005926,43.66837456099237
2024-05-13,GOOGL,190.1331190850113,184.22401094840055,1067344,293.3199073872524,45.38078159384873
2024-05-14,GOOGL,246.14272786962306,250.42400951409533,2955059,293.1698088715911,45.6224894019015
2024-05-15,GOOGL,295.12392032349516,295.0035500661124,2512149,296.9507298676247,48.97218509723965
2024-05-16,GOOGL,440.3270071344585,445.41971297166083,3452252,296.94930795359886,53.08942533009704
2024-05-17,GOOGL,135.15504981605756,127.21337043094046,3832839,296.6442640739322,45.27197014234667
2024-01-01,AMZN,300.87800413249704,308.35580568374735,4215625,308.35580568374735,0.0
2024-01-02,AMZN,338.1540069280175,340.10226897142365,559297,324.2290373275855,99.99999999370009
2024-01-03,AMZN,126.830590955371,128.84092816404407,1120154,259.09966760640503,13.06396862664802
2024-01-04,AMZN,399.98418815967113,403.28492165059623,4177151,295.14598111745283,59.172749655695576
2024-01-05,AMZN,183.9622372382343,177.4696628107033,4834963,271.6107174561029,41.19521430780735
2024-01-08,AMZN,459.2217157762855,467.5099546947847,2903696,304.26059032921654,57.70120087044258
2024-01-09,AMZN,182.05585619280288,180.43126669064435,2193373,286.5706869522777,45.15579022037546
2024-01-10,AMZN,176.27508826546662,173.93785883045658,2472280,272.49158343705005,44.93480935848804
2024-01-11,AMZN,114.61986713923795,114.99822124489471,3016623,254.992320971255,43.023707531806274
2024-01-12,AMZN,288.8267780439997,279.7660973795008,2806871,257.4696986120796,49.07810045194225
2024-01-15,AMZN,325.9364533050466,319.2621206801682,970123,263.08719152736035,50.342947981783254
2024-01-16,AMZN,126.28345577134095,131.04412809986837,3086249,252.0836029084027,45.01457626661821
2024-01-17,AMZN,410.2110466780042,401.86702003650674,1959582,263.6054042259492,52.28173649978135
2024-01-18,AMZN,281.315533899211,283.37857608853875,4544499,265.0177736447055,49.42385385297485
2024-01-19,AMZN,309.756107731032,304.6630899246584,2229885,267.6607947300357,49.915648930241154
2024-01-22,AMZN,276.3050987752913,274.0910110561308,4820642,268.0626832504167,48.49132465915436
2024-01-23,AMZN,260.3052243501304,256.0790990855444,2307148,267.357766534836,53.18976918347875
2024-01-24,AMZN,323.85613252328716,320.96958685258613,4852525,270.3362009969332,47.69414434087686
2024-01-25,AMZN,162.09609837228498,166.4770164759699,649239,264.8699281274088,49.679252253340344
2024-01-26,AMZN,172.77125219810844,168.71368651057193,656701,260.062116046567,39.5217528948094
2024-01-29,AMZN,444.7142484054069,446.0423412113449,3147569,268.91831724488975,59.37863625340425
2024-01-30,AMZN,478.4461848534531,477.9671928974351,4728120,278.42053886545995,60.5457748979142
2024-01-31,AMZN,249.32372651190119,252.59714981915414,1370464,277.2977828199684,54.27882641339416
2024-02-01,AMZN,208.2978692574215,217.03446404391667,885332,274.78681120429957,47.87882460975234
2024-02-02,AMZN,357.59981729560633,362.25125923981136,867950,278.2853891257201,51.35662016667098
2024-02-05,AMZN,263.49366843923855,257.7924760110537,266472,277.49720015977135,54.223082881396934
2024-02-06,AMZN,110.15454226413794,100.77820496536364,497710,270.9520521896081,39.14488893709939
2024-02-07,AMZN,162.46103894647615,157.70631983247264,4417048,266.90756174828186,45.25869713002943
2024-02-08,AMZN,386.388891538959,388.2904501529641,3288729,271.0931785898226,52.724742392371695
2024-02-09,AMZN,363.56957676406057,354.59809303374556,4885956,273.8766757379534,52.61775497733168
2024-02-12,AMZN,110.83839700139339,110.76572194541812,2950171,268.6150320672264,45.88004889154466
2024-02-13,AMZN,188.7888647731798,190.72572175151757,1010775,266.18099111986055,46.33858942955282
2024-02-14,AMZN,192.42991863522855,189.11479645156777,2696874,263.84565188748803,50.69623830872162
2024-02-15,AMZN,368.75709743949136,374.1753415144078,658924,267.090642758868,55.68030401729294
2024-02-16,AMZN,107.88421510174567,100.0161801644211,3981185,262.31708668474096,40.416778941644885
2024-02-19,AMZN,141.64343279382953,133.1461884285457,4473656,258.72900617762446,40.45652647742335
2024-02-20,AMZN,419.96643414927576,424.53020927334785,4112595,263.2101197748061,54.590772049292156
2024-02-21,AMZN,171.41786482173345,171.32769114585741,2390435,260.7921611266759,48.90665894640715
2024-02-22,AMZN,361.0984431407499,364.86649106930463,531413,263.4607336893074,50.061144805366624
2024-02-23,AMZN,195.2731124186906,193.96965919076553,1452564,261.72345682684386,48.552766691383724
2024-02-26,AMZN,139.77655710373807,134.70459776852022,2524050,258.62543587420186,50.8049940865533
2024-02-27,AMZN,197.26887639978162,203.6509227532656,4265100,257.3165188951319,51.08397593180843
2024-02-28,AMZN,388.9067727422637,394.8950903216433,963561,260.51602055621356,50.15877125884335
2024-02-29,AMZN,442.2785872425143,446.1725166596028,402186,264.73548637674514,52.18293366557681
2024-03-01,AMZN,432.0879458267966,427.5308485713959,3307393,268.35316109218184,58.459172484183334
2024-03-04,AMZN,258.87341184738193,260.67802518476367,3928464,268.18631031158577,51.785216830530324
2024-03-05,AMZN,367.2340546282585,364.453532567059,1126553,270.23454908297884,54.25295610006574
2024-03-06,AMZN,181.9937181663284,173.82535963286108,1335202,268.22602430276805,45.153469856518925
2024-03-07,AMZN,217.2590921044053,225.60536361365018,245271,267.35621490094934,53.404306619426634
2024-03-08,AMZN,458.5343274084479,451.2707000268271,2315685,271.03450460346687,57.80827451604578
2024-03-11,AMZN,105.20076940429442,114.20551648071047,3843797,267.15149881940613,42.550228090974606
2024-03-12,AMZN,134.2034123417872,133.12352780094633,1614542,263.0119239959966,48.96661454961544
2024-03-13,AMZN,183.1545020584109,176.8571606351833,4280656,263.97224864541937,44.46604990861317
2024-03-14,AMZN,110.61288154952788,111.45090049709505,3030184,258.1355682223494,47.41028180884046
2024-03-15,AMZN,172.57417403591893,180.03309075344708,176898,258.18683678120425,51.414290806177256
2024-03-18,AMZN,333.2166243878769,337.8611221160681,3395097,255.59386012962986,53.967433045753054
2024-03-19,AMZN,268.5698202369992,274.7010431942282,388316,257.47925565970155,46.15579397335698
2024-03-20,AMZN,457.0686844307899,460.24435176500424,2108954,263.2053855183925,50.41446745831382
2024-03-21,AMZN,426.9774246953764,430.8229559857334,1929553,269.5218802132093,50.09635286245432
2024-03-22,AMZN,236.7269406791504,243.71085371045677,4188657,268.8007753398284,49.5092276154888
2024-03-25,AMZN,203.769373372517,198.76273354970073,3141341,266.3907875972191,45.038579174883324
2024-03-26,AMZN,251.87696326690676,251.66546253976958,1139504,268.8032142860171,52.540363253093645
2024-03-27,AMZN,336.1179770059231,330.5421658423151,4187810,267.37671720213325,53.365164404520385
2024-03-28,AMZN,207.22545632915052,216.97881648908344,2205058,266.04872201014416,41.90456145681283
2024-03-29,AMZN,349.65956313965364,358.5407499333859,1775843,267.1262752103187,59.761244119810755
2024-04-01,AMZN,263.7646608764962,254.5531971038663,134701,266.7355189312734,54.54239043573162
2024-04-02,AMZN,320.8188723407921,324.93037579110586,3329028,268.11254446538464,55.430806578488735
2024-04-03,AMZN,274.45061165412665,282.95557800243995,1821610,267.3522642883817,56.400194990115885
2024-04-04,AMZN,217.7863038167671,211.39781071931375,2280712,268.2506801732486,51.167871926247564
2024-04-05,AMZN,479.3813227848627,480.74022739591527,2439767,274.49121099095544,54.912198774155485
2024-04-08,AMZN,405.4423176639043,413.75208361566513,2714235,273.84540583904186,54.7680391353107
2024-04-09,AMZN,156.04527030658102,146.72418987829698,591036,267.22054577865913,39.81840763064348
2024-04-10,AMZN,447.3871903591651,451.33559570410193,427304,271.195314696358,50.56513877428396
2024-04-11,AMZN,294.97247929980546,290.9194594472565,2562616,272.67301460442485,51.32005066561015
2024-04-12,AMZN,457.82089075763656,466.3088146651672,2810241,274.754165712932,56.972512191454484
2024-04-15,AMZN,419.9421023789261,429.36326728223344,3533803,278.18558153835556,54.669818139447706
2024-04-16,AMZN,270.0854017876934,278.9707315699621,1242953,281.74943207044754,48.69382266670374
2024-04-17,AMZN,108.98772332804695,108.47200766119623,4061352,280.764745827022,47.32882828605089
2024-04-18,AMZN,207.47094375397842,214.7117967737647,4078702,277.293172759438,46.39661762141176
2024-04-19,AMZN,316.65368586434676,323.5446738350482,4159175,276.672104375464,51.724274318378875
2024-04-22,AMZN,353.39128793045893,349.77329739532405,426916,281.45225588446215,50.634899236194045
2024-04-23,AMZN,203.15507417328092,209.73338365629448,3697706,281.83240912255775,48.21801417093815
2024-04-24,AMZN,155.74242962912965,146.4825823234395,4606554,280.97976483999514,48.41376462882893
2024-04-25,AMZN,433.9720947197196,435.8974922893607,705409,282.21420785549424,48.9148903420763
2024-04-26,AMZN,493.76087228142086,488.36104902717494,1174135,289.9811052327493,51.818176925570356
2024-04-29,AMZN,310.27607292107433,302.6874106366199,3089179,293.3719296769108,53.95765818503393
2024-04-30,AMZN,168.6717143393214,160.21077837190558,1825690,288.0855410588819,41.95015296999319
2024-05-01,AMZN,208.9229306077476,212.84870612531037,3380772,288.915961358471,47.70445605101222
2024-05-02,AMZN,107.3562706189867,104.15376989434802,4257893,283.70170693497187,38.91672267550138
2024-05-03,AMZN,465.7195226241996,470.2148580547748,503119,289.22661091225206,51.040589608392644
2024-05-06,AMZN,147.10043315605645,138.4075599720353,4266769,289.3006701563223,46.72243124495241
2024-05-07,AMZN,330.6065902057014,326.9123969623136,4420295,291.76589964050333,55.05104932143977
2024-05-08,AMZN,209.6220882748824,210.41191412238913,502732,288.0762361165182,49.901042360328205
2024-05-09,AMZN,321.67120100631735,327.4856643030966,606079,285.7024990693881,50.09035535443404
2024-05-10,AMZN,360.5681553407457,356.9432053993871,2050013,284.2907462059479,50.16414193768695
2024-05-13,AMZN,431.89672148288065,434.4145490116208,2723836,287.7654766824851,55.29536548363828
2024-05-14,AMZN,182.56850870424128,190.28806366896504,1232658,284.28216730452317,50.95131510905068
2024-05-15,AMZN,104.3983314633922,106.71559522703829,2085209,282.9399720164067,42.149333533043254
2024-05-16,AMZN,154.7542520275229,149.41344152259558,4422626,281.4161335745856,41.878600978318175
2024-05-17,AMZN,460.00745673924206,450.4954723703728,756951,281.40062902145655,53.355972054616664
2024-01-01,TSLA,364.84480404262587,357.9179648058481,1668560,357.9179648058481,0.0
2024-01-02,TSLA,317.5115631989597,316.58543589106534,4760061,337.2517003484567,0.0
2024-01-03,TSLA,445.7971521229394,446.40423999750453,2705214,373.63588023147264,75.85030266055057
2024-01-04,TSLA,393.5639675814807,383.9212054310471,2329180,376.2072115313663,55.56494339622256
2024-01-05,TSLA,308.50412487216596,314.44008142944654,2428599,363.85378551098233,42.828165404426656
2024-01-08,TSLA,447.2643216206188,443.1476810874883,1095843,377.0694347737333,59.86859179163738
2024-01-09,TSLA,198.11421290213383,206.35093360133206,4288891,352.6810774633903,38.66567947661914
2024-01-10,TSLA,162.9362638810104,172.28648915328597,726045,330.1317539246272,36.79126030697811
2024-01-11,TSLA,164.16004213202882,157.8692196255619,4131419,310.9914723358422,36.05157495260047
2024-01-12,TSLA,233.60355149809516,232.84549731340837,4595511,303.17687483359884,42.10478675825596
2024-01-15,TSLA,195.476012520407,185.50064922373554,1524945,292.4790361417931,39.730006109575754
2024-01-16,TSLA,472.03614020389546,474.002685506344,1491538,307.6060069221723,55.14594277291798
2024-01-17,TSLA,142.3336375314336,144.47976649668703,2463999,295.05783458175034,42.67767179508086
2024-01-18,TSLA,379.5962952158351,374.5470943279026,820488,300.73563884933264,50.49271057994203
2024-01-19,TSLA,175.68861591400236,176.8568693656663,4890691,292.47705421708827,45.19784114900441
2024-01-22,TSLA,452.65485310814006,447.1656559570148,519065,302.1450918258337,53.088198044833995
2024-01-23,TSLA,484.52611527396294,477.74262465552675,2884372,312.4743584628744,50.77765071732915
2024-01-24,TSLA,286.1880035079934,289.2183928440387,4325889,311.1823603729391,47.78833111601987
2024-01-25,TSLA,451.62859209125264,448.14710137029414,1563807,318.39103095174727,52.99733944584054
2024-01-26,TSLA,102.05806830188591,103.86334707959836,3192195,307.66464675813984,43.06451955128772
2024-01-29,TSLA,427.97876696324005,426.64370194267315,1716449,313.3303160526414,54.35019350501581
2024-01-30,TSLA,191.4500646099694,201.13709275802748,389102,308.2306240847044,50.52967398149903
2024-01-31,TSLA,463.4805237077471,456.47213656109847,1436737,314.675907235852,55.036569722749725
2024-02-01,TSLA,100.4480445920438,99.74001652476001,3160006,305.7202451228898,47.94976557268081
2024-02-02,TSLA,322.4726940159028,326.0818265430893,2477074,306.5347083796978,52.05221950501768
2024-02-05,TSLA,402.65432151397385,400.56522319157324,2897753,310.151266641693,48.8564998267339
2024-02-06,TSLA,203.47533227916318,212.969329316577,1190805,306.55193562965167,51.115772218209415
2024-02-07,TSLA,177.25314583491723,181.69089839345594,4543778,302.09261287121615,46.64056476611605
2024-02-08,TSLA,133.63928978719386,136.77896693848373,4262065,296.39214232181155,49.26261998065242
2024-02-09,TSLA,230.5734306013172,235.71461595354165,3110087,294.3695581095359,45.847737758607934
2024-02-12,TSLA,323.9377249235318,332.99069768430616,360116,295.61540132162526,47.23006715705104
2024-02-13,TSLA,146.33754271210307,154.49391577179588,3068462,291.2053548981931,47.41201789523343
2024-02-14,TSLA,250.67814479471951,255.16385095724775,3142146,290.11318811210384,46.208025964321834
2024-02-15,TSLA,103.62896186108999,108.61219464311566,2718137,284.77492359831007,50.101172957104076
2024-02-16,TSLA,427.4717681999367,420.3902096806396,4314279,288.6496460578052,49.86614345508888
2024-02-19,TSLA,151.37948723727655,143.43533532712985,4452099,284.6159152041753,48.79150606361252
2024-02-20,TSLA,213.33717930623266,214.75526934311594,3662223,282.72778964036286,44.51472884122674
2024-02-21,TSLA,107.37108749528699,97.73844023409778,1357949,277.85964886651385,49.94903328406674
2024-02-22,TSLA,272.89631355700493,272.54344118803675,3071981,277.72333584911695,48.59999210611695
2024-02-23,TSLA,436.0486010964875,430.2555926948649,3950241,281.53664227026064,50.744006474908595
2024-02-26,TSLA,256.8604845780786,253.78081593097542,4059076,280.8596708961317,51.02842092124448
2024-02-27,TSLA,171.79892936953337,177.31502408539248,3834340,278.3943221625427,49.892186353499824
2024-02-28,TSLA,401.4795336202077,410.30428370485544,3421765,281.46199568678253,56.16757354622735
2024-02-29,TSLA,415.5227927482977,406.97111819122455,488076,284.3144757437017,54.035557791549216
2024-03-01,TSLA,169.50139012302674,170.18623424255563,4984797,281.77829259923175,46.40028647855301
2024-03-04,TSLA,408.3416434163959,415.9923131327879,3209244,284.69598869778736,55.61477701999252
2024-03-05,TSLA,478.9191553025352,470.56932599134365,4916909,288.65074055509706,54.71848680961687
2024-03-06,TSLA,166.55103477290893,173.04131571084562,2298611,286.2422108708418,51.32377047225706
2024-03-07,TSLA,408.3937170128542,405.54974403141966,2060826,288.6770584863638,49.68481893339739
2024-03-08,TSLA,383.4288018410517,379.8706958854384,2944664,290.5009312343453,55.62138180563937
2024-03-11,TSLA,289.42955537403543,298.97888310033113,2713275,289.322149600235,51.993390136622544
2024-03-12,TSLA,123.16818422351932,117.1853660207652,1478369,285.334148202829,50.446573478154306
2024-03-13,TSLA,129.8777671031416,133.74164591959521,2523970,279.08089632127076,46.56278093376989
2024-03-14,TSLA,440.96586367945906,447.3946782396564,2190212,280.35036577744296,50.39399452139797
2024-03-15,TSLA,496.0593491002588,486.8830190058443,4271774,283.7992245289709,55.71874266608974
2024-03-18,TSLA,370.42090287470177,373.82861204179,2341984,282.41284314805694,54.73608138041352
2024-03-19,TSLA,278.3833228041286,287.4143222912352,252999,284.034110921855,46.8131325807477
2024-03-20,TSLA,359.02945736076305,351.51385669532425,4642923,287.61865827269577,48.605785031626354
2024-03-21,TSLA,337.75834369141813,345.6827697451189,161367,291.37492927508697,54.99170727500088
2024-03-22,TSLA,253.44490416224872,255.34043690978743,853315,291.8248280670145,44.987201743818815
2024-03-25,TSLA,126.25045782960518,128.58254946685466,4700108,290.6864660718769,39.788988912165486
2024-03-26,TSLA,428.60517896297637,430.8640624602885,3105334,289.8236936109558,57.67625911243684
2024-03-27,TSLA,248.73341169548985,244.71012942223612,2954190,291.8283008694667,45.07532429307809
2024-03-28,TSLA,427.5142573428375,436.21829364882666,1384382,293.06172485588525,51.56623246581848
2024-03-29,TSLA,201.00349987535287,209.95050912797365,3953321,293.7235976511314,47.710413597444244
2024-04-01,TSLA,100.41179193825336,102.91788514253231,2754837,286.8386422348417,49.61840252544265
2024-04-02,TSLA,163.5753133107026,169.2437678295349,3584239,280.6686650983219,50.924914596597056
2024-04-03,TSLA,287.4157667074337,289.66092642505686,1142377,280.67751576994226,45.430589742396165
2024-04-04,TSLA,477.72145398313194,477.40942293461273,4677033,281.26276220122867,49.74726766906347
2024-04-05,TSLA,140.8774478774876,144.09385024347262,3357181,282.0673722645061,44.51575144513261
2024-04-08,TSLA,441.6839097846264,442.7439388364656,1023780,282.38937700238193,53.36687600738867
2024-04-09,TSLA,310.8096384847448,312.7591557373834,2966451,284.62181826196905,49.183292205652116
2024-04-10,TSLA,430.36830631995866,436.0449573883359,2568152,284.2132746785138,51.814449276945005
2024-04-11,TSLA,219.34977239599704,218.96784902497674,4507871,286.59783132851817,49.30501961549285
2024-04-12,TSLA,435.97886586898875,426.7939479908382,2042811,288.6120737574731,55.52678306837677
2024-04-15,TSLA,409.1291120067218,402.40910162651176,398090,288.6489513261719,49.41208232448645
2024-04-16,TSLA,192.02147321257357,190.79361754236433,417348,288.20543709068767,48.89761118197131
2024-04-17,TSLA,152.53405056375124,157.0305817612324,1426283,287.7122307580432,43.89805589315356
2024-04-18,TSLA,447.22172901291714,449.0873019791207,192324,293.9583974588559,55.08048542410401
2024-04-19,TSLA,485.2946613760528,488.30054509352186,2420688,299.0101160416555,58.43042997262335
2024-04-22,TSLA,112.5209254990065,112.10650407053224,1905808,294.59243216938006,48.89931518419038
2024-04-23,TSLA,392.50802678947423,394.82286722831907,1420567,299.39901119851055,51.90660549397375
2024-04-24,TSLA,463.80980437912734,460.3901531354206,4320459,303.503537242074,49.67713340620532
2024-04-25,TSLA,442.94403683699943,442.3476886909327,4636119,310.1782471230303,56.4268390771359
2024-04-26,TSLA,485.8081889080834,490.6937702199825,4115470,311.5843183338172,51.15816744345739
2024-04-29,TSLA,404.03763137523885,411.47428695470126,4754798,316.9450973663686,52.44428111941523
2024-04-30,TSLA,276.9195049523641,275.5926116314919,3377419,318.16184421213615,46.05167490256173
2024-05-01,TSLA,224.78079619805217,215.6540293521994,3722138,320.5201559944981,49.91162041722375
2024-05-02,TSLA,228.29709617525097,221.530547058187,2640476,319.4998981119012,43.86473400191991
2024-05-03,TSLA,389.7690690456468,380.18629183147755,4329011,318.4985120946334,49.3851205498092
2024-05-06,TSLA,398.3348048123857,401.4000651971323,1037841,321.4508970799566,56.51352756072909
2024-05-07,TSLA,180.14365741948507,176.78994992658724,1667053,321.44039559678043,50.54658415873959
2024-05-08,TSLA,447.2491253962124,448.09869811059974,2016545,322.19628388489537,49.97233566518163
2024-05-09,TSLA,385.9696160808991,385.8351530165751,2943940,321.77356458140235,47.16920534599879
2024-05-10,TSLA,325.1001145373531,316.73064432840164,4647603,324.7044527831193,56.8083459055974
2024-05-13,TSLA,288.6129840410051,286.6782112634818,4032441,322.11817074573315,45.67449391144966
2024-05-14,TSLA,317.2931223159833,311.70434481442976,1307068,318.94087112219484,43.85362071056027
2024-05-15,TSLA,163.6982953117058,162.06629108505885,4464406,318.7213706296791,39.5505927854215
2024-05-16,TSLA,181.48049971050966,175.5520653173545,494274,314.12141705539784,37.93739130137537
2024-05-17,TSLA,136.46579616247666,143.27484428801534,4511589,309.3895000234494,39.35152657508363
